<?xml version="1.0" encoding="UTF-8"?>
<beans xmlns="http://www.springframework.org/schema/beans"
       xmlns:xsi="http://www.w3.org/2001/XMLSchema-instance"
       xmlns:context="http://www.springframework.org/schema/context"
       xmlns:mvc="http://www.springframework.org/schema/mvc"
       xsi:schemaLocation="
        http://www.springframework.org/schema/beans
        http://www.springframework.org/schema/beans/spring-beans.xsd
        http://www.springframework.org/schema/context
        http://www.springframework.org/schema/context/spring-context.xsd
        http://www.springframework.org/schema/mvc
        http://www.springframework.org/schema/mvc/spring-mvc.xsd">

    <!-- Provide support for component scanning -->
   <!-- <context:component-scan base-package="com.selenium.SN.controller" />
    <context:component-scan base-package="com.serviceStudent.studentServiceImpl"/>
    <context:component-scan base-package="com.validator"/>-->
    <context:component-scan base-package="com"/>
  <!--  <bean id="studentValidator" class="com.validator.StudentValidator" />
-->
    <!--Provide support for conversion, formatting and validation -->
    <mvc:annotation-driven/>

    <!-- Define the JdbcTemplate bean -->
    <bean id="jdbcTemplate" class="org.springframework.jdbc.core.JdbcTemplate">
        <property name="dataSource" ref="dataSource" />
    </bean>

    <!-- Define the view resolver -->
    <bean id="viewResolver" class="org.springframework.web.servlet.view.InternalResourceViewResolver">
        <property name="prefix" value="/WEB-INF/view/" />
        <property name="suffix" value=".jsp" />
    </bean>

    <!-- Define the DataSource bean -->
    <bean id="dataSource" class="org.springframework.jdbc.datasource.DriverManagerDataSource">
        <property name="driverClassName" value="com.mysql.jdbc.Driver"/>
        <property name="url" value="jdbc:mysql://localhost:3306/STUDENT"/>
        <property name="username" value="root"/>
        <property name="password" value="root"/>
    </bean>

    <!-- Define the studentDaoImpl bean and inject the JdbcTemplate and DataSource -->
   <!-- <bean id="employeeDAO" class="com.student.DAO.StudentDaoImpl">
        <property name="jdbcTemplate" ref="jdbcTemplate" />
    </bean>-->
    <bean id="messageSource" class="org.springframework.context.support.ReloadableResourceBundleMessageSource">
            <property name="basename" value="/WEB-INF/messages" />
    </bean>


</beans>
